{
  "train_losses": [
    2.5035314573330827,
    2.418069230036789
  ],
  "val_accuracies": [
    0.13507692307692307,
    0.13646153846153847
  ],
  "best_val_accuracy": 0.13646153846153847,
  "test_accuracy": 0.14584615384615385
}