{
  "train_losses": [
    1.8898344625917713,
    1.2307172484612197,
    0.9861233696508943
  ],
  "val_accuracies": [
    0.6195384615384616,
    0.6721538461538461,
    0.693076923076923
  ],
  "best_val_accuracy": 0.693076923076923,
  "test_accuracy": 0.6827692307692308
}