{
  "train_losses": [
    1.478575117802352
  ],
  "val_accuracies": [
    0.6523076923076923
  ],
  "best_val_accuracy": 0.6523076923076923,
  "test_accuracy": 0.6483076923076924
}